{"19. The Silly Pink Rabbit!.npy": [4.736776828765869, -61.894935607910156], "13. Fortune Teller.npy": [4.467158317565918, -57.90912628173828], "14. Soldiers of Kakariko Village.npy": [4.97233247756958, -64.22405242919922], "02. Beginning of the Journey.npy": [4.707441329956055, -60.27317810058594], "21. Forest of Mystery.npy": [5.128002166748047, -64.98580169677734], "26. Black Mist (Storm).npy": [5.312802791595459, -67.84202575683594], "24. Dark Golden Land.npy": [5.500285625457764, -68.65293884277344], "12. Guessing-Game House.npy": [5.246336936950684, -66.38778686523438], "03. Seal of Seven Maidens.npy": [5.482187747955322, -69.21408081054688], "05. Time of the Falling Rain (Storm).npy": [5.38216495513916, -69.05252075195312], "07. Majestic Castle (Storm).npy": [5.157629013061523, -66.75651550292969], "09. Safety in the Sanctuary.npy": [4.786135196685791, -60.95587921142578], "06. Majestic Castle.npy": [4.927262306213379, -63.45075607299805], "04. Time of the Falling Rain.npy": [5.245689868927002, -66.8299331665039], "08. Princess Zelda's Rescue.npy": [5.473402500152588, -68.09786224365234], "20. The Silly Pink Rabbit! (Storm).npy": [4.772075176239014, -63.616512298583984], "29. The Goddess Appears.npy": [4.529189109802246, -58.25381088256836], "15. Dank Dungeons.npy": [4.826169967651367, -61.49837112426758], "25. Black Mist.npy": [5.226357936859131, -65.7099609375], "27. Dungeon of Shadows.npy": [5.239162921905518, -66.04463195800781], "16. Lost Ancient Ruins.npy": [5.097475528717041, -65.38035583496094], "11. Kakariko Village.npy": [5.301426410675049, -66.9708251953125], "17. Anger of the Guardians.npy": [5.841080188751221, -72.63812255859375], "10. Hyrule Field Main Theme.npy": [5.459320068359375, -68.29740905761719]}